Price,Adj Close,Adj Close,Adj Close,Close,Close,Close,High,High,High,Low,Low,Low,Open,Open,Open,Volume,Volume,Volume
Ticker,AAPL,GOOG,TWTR,AAPL,GOOG,TWTR,AAPL,GOOG,TWTR,AAPL,GOOG,TWTR,AAPL,GOOG,TWTR,AAPL,GOOG,TWTR
Date,,,,,,,,,,,,,,,,,,
2020-01-02,73.05941772460938,68.36849975585938,,75.0875015258789,68.36849975585938,,75.1500015258789,68.40699768066406,,73.79750061035156,67.07749938964844,,74.05999755859375,67.07749938964844,,135480400,28132000,
2020-01-03,72.34912872314453,68.03299713134766,,74.35749816894531,68.03299713134766,,75.1449966430664,68.625,,74.125,67.2771987915039,,74.2874984741211,67.39299774169922,,146322800,23728000,
2020-01-06,72.92562866210938,69.71050262451172,,74.94999694824219,69.71050262451172,,74.98999786376953,69.82499694824219,,73.1875,67.5,,73.44750213623047,67.5,,118387200,34646000,
2020-01-07,72.58265686035156,69.66699981689453,,74.59750366210938,69.66699981689453,,75.2249984741211,70.14949798583984,,74.37000274658203,69.51899719238281,,74.95999908447266,69.89700317382812,,108872000,30054000,
2020-01-08,73.750244140625,70.21600341796875,,75.79750061035156,70.21600341796875,,76.11000061035156,70.5790023803711,,74.29000091552734,69.54199981689453,,74.29000091552734,69.60399627685547,,132079200,30560000,
2020-01-09,75.3167724609375,70.99150085449219,,77.40750122070312,70.99150085449219,,77.60749816894531,71.36650085449219,,76.55000305175781,70.51349639892578,,76.80999755859375,71.02850341796875,,170108400,30018000,
2020-01-10,75.48703002929688,71.48650360107422,,77.5824966430664,71.48650360107422,,78.1675033569336,71.74645233154297,,77.0625,70.9175033569336,,77.6500015258789,71.37799835205078,,140644800,36414000,
2020-01-13,77.09976196289062,71.96150207519531,,79.23999786376953,71.96150207519531,,79.26750183105469,72.0260009765625,,77.7874984741211,71.3010025024414,,77.91000366210938,71.80650329589844,,121532000,33046000,
2020-01-14,76.05867767333984,71.54399871826172,,78.16999816894531,71.54399871826172,,79.39250183105469,72.08999633789062,,78.0425033569336,71.41850280761719,,79.17500305175781,71.95050048828125,,161954400,31178000,
2020-01-15,75.73270416259766,71.95999908447266,,77.83499908447266,71.95999908447266,,78.875,72.06974792480469,,77.38749694824219,71.510498046875,,77.9625015258789,71.510498046875,,121923600,25654000,
2020-01-16,76.6813735961914,72.58499908447266,,78.80999755859375,72.58499908447266,,78.92500305175781,72.59950256347656,,78.02249908447266,72.0459976196289,,78.39749908447266,72.37200164794922,,108829200,23474000,
2020-01-17,77.53031921386719,74.01950073242188,,79.68250274658203,74.01950073242188,,79.68499755859375,74.06475067138672,,78.75,72.91100311279297,,79.06749725341797,73.14550018310547,,137816400,47924000,
2020-01-21,77.0049057006836,74.22000122070312,,79.14250183105469,74.22000122070312,,79.75499725341797,74.59249877929688,,79.0,73.55999755859375,,79.29750061035156,73.95600128173828,,110843200,40734000,
2020-01-22,77.27978515625,74.29750061035156,,79.42500305175781,74.29750061035156,,79.99749755859375,75.16069793701172,,79.32749938964844,74.24649810791016,,79.6449966430664,74.55000305175781,,101832400,32216000,
2020-01-23,77.65193176269531,74.3324966430664,,79.80750274658203,74.3324966430664,,79.88999938964844,74.7760009765625,,78.9124984741211,74.1050033569336,,79.4800033569336,74.38200378417969,,104472000,27024000,
2020-01-24,77.42814636230469,73.33550262451172,,79.57749938964844,73.33550262451172,,80.8324966430664,74.77474975585938,,79.37999725341797,73.26249694824219,,80.0625,74.67949676513672,,146537600,35692000,
2020-01-27,75.15135192871094,71.69499969482422,,77.23750305175781,71.69499969482422,,77.94249725341797,71.90350341796875,,76.22000122070312,71.05999755859375,,77.51499938964844,71.55000305175781,,161940000,35104000,
2020-01-28,77.27734375,72.62799835205078,,79.42250061035156,72.62799835205078,,79.5999984741211,72.80000305175781,,78.04750061035156,71.62349700927734,,78.1500015258789,72.1500015258789,,162234000,31548000,
2020-01-29,78.89494323730469,72.93150329589844,,81.08499908447266,72.93150329589844,,81.9625015258789,73.27149963378906,,80.34500122070312,72.33699798583984,,81.11250305175781,72.94000244140625,,216229200,21554000,
2020-01-30,78.78058624267578,72.79199981689453,,80.96749877929688,72.79199981689453,,81.02249908447266,72.86399841308594,,79.6875,71.81999969482422,,80.13500213623047,71.99800109863281,,126743200,26788000,
2020-01-31,75.2875747680664,71.71150207519531,,77.37750244140625,71.71150207519531,,80.66999816894531,73.50650024414062,,77.07250213623047,71.42649841308594,,80.23249816894531,73.44499969482422,,199588400,48344000,
2020-02-03,75.080810546875,74.2969970703125,,77.16500091552734,74.2969970703125,,78.37249755859375,74.5,,75.55500030517578,72.94950103759766,,76.07499694824219,73.0999984741211,,173788400,60736000,
2020-02-04,77.55951690673828,72.35350036621094,,79.7125015258789,72.35350036621094,,79.91000366210938,73.4749984741211,,78.40750122070312,71.31500244140625,,78.82749938964844,72.85350036621094,,136616400,78660000,
2020-02-05,78.19196319580078,72.4114990234375,,80.36250305175781,72.4114990234375,,81.19000244140625,73.19200134277344,,79.73750305175781,71.52799987792969,,80.87999725341797,73.12100219726562,,118826800,39724000,
2020-02-06,79.10655212402344,73.8115005493164,,81.30249786376953,73.8115005493164,,81.30500030517578,74.0999984741211,,80.06500244140625,72.47850036621094,,80.64250183105469,72.5165023803711,,105425600,33588000,
2020-02-07,78.03129577636719,73.96150207519531,,80.00749969482422,73.96150207519531,,80.8499984741211,74.29199981689453,,79.5,73.31749725341797,,80.59249877929688,73.36499786376953,,117684000,23446000,
2020-02-10,78.40189361572266,75.43399810791016,,80.38749694824219,75.43399810791016,,80.38749694824219,75.4749984741211,,78.4625015258789,73.71600341796875,,78.54499816894531,73.71600341796875,,109348800,28398000,
2020-02-11,77.92888641357422,75.43949890136719,,79.90249633789062,75.43949890136719,,80.9749984741211,76.48149871826172,,79.67749786376953,75.28189849853516,,80.9000015258789,75.59049987792969,,94323200,26892000,
2020-02-12,79.77951049804688,75.91349792480469,,81.80000305175781,75.91349792480469,,81.80500030517578,76.03475189208984,,80.36750030517578,75.40550231933594,,80.36750030517578,75.7239990234375,,113730400,23352000,
2020-02-13,79.21141815185547,75.73300170898438,,81.21749877929688,75.73300170898438,,81.55500030517578,76.35900115966797,,80.8375015258789,75.2300033569336,,81.04750061035156,75.6344985961914,,94747600,18590000,
2020-02-14,79.23091888427734,76.03700256347656,,81.23750305175781,76.03700256347656,,81.49500274658203,76.03700256347656,,80.7125015258789,75.36699676513672,,81.18499755859375,75.77999877929688,,80113600,23956000,
2020-02-18,77.78014373779297,75.9834976196289,,79.75,75.9834976196289,,79.9375,76.58149719238281,,78.65249633789062,75.62950134277344,,78.83999633789062,75.75,,152531200,22414000,
2020-02-19,78.9066162109375,76.33450317382812,,80.90499877929688,76.33450317382812,,81.14250183105469,76.60530090332031,,80.0,76.06999969482422,,80.0,76.25350189208984,,93984000,18986000,
2020-02-20,78.09711456298828,75.90750122070312,,80.07499694824219,75.90750122070312,,81.1624984741211,76.48200225830078,,79.55249786376953,75.34100341796875,,80.65750122070312,76.0999984741211,,100566000,21932000,
2020-02-21,76.32939910888672,74.25550079345703,,78.26249694824219,74.25550079345703,,80.11250305175781,75.61074829101562,,77.625,74.02200317382812,,79.65499877929688,75.40149688720703,,129554000,34634000,
2020-02-24,72.70370483398438,71.07949829101562,,74.54499816894531,71.07949829101562,,76.04499816894531,71.84850311279297,,72.30750274658203,70.56950378417969,,74.31500244140625,71.30549621582031,,222195200,57342000,
2020-02-25,70.24107360839844,69.42250061035156,,72.0199966430664,69.42250061035156,,75.63249969482422,71.90699768066406,,71.53250122070312,69.12000274658203,,75.23750305175781,71.6500015258789,,230673600,49566000,
2020-02-26,71.35536193847656,69.65899658203125,,73.1624984741211,69.65899658203125,,74.47000122070312,70.78500366210938,,71.625,68.94999694824219,,71.63249969482422,69.80699920654297,,198054800,44048000,
2020-02-27,66.69099426269531,65.90450286865234,,68.37999725341797,65.90450286865234,,71.5,68.58519744873047,,68.23999786376953,65.8584976196289,,70.2750015258789,68.10299682617188,,320605600,59566000,
2020-02-28,66.65196228027344,66.96649932861328,,68.33999633789062,66.96649932861328,,69.60250091552734,67.05699920654297,,64.09249877929688,63.54999923706055,,64.31500244140625,63.875,,426510000,75782000,
2020-03-02,72.85733032226562,69.45549774169922,,74.70249938964844,69.45549774169922,,75.36000061035156,69.54350280761719,,69.43000030517578,66.34075164794922,,70.56999969482422,67.58049774169922,,341397200,48630000,
2020-03-03,70.54341125488281,67.06950378417969,,72.33000183105469,67.06950378417969,,76.0,70.50749969482422,,71.44999694824219,66.5999984741211,,75.9175033569336,69.97100067138672,,319475600,48046000,
2020-03-04,73.81555938720703,69.32599639892578,,75.68499755859375,69.32599639892578,,75.8499984741211,69.40450286865234,,73.28250122070312,67.15550231933594,,74.11000061035156,67.96150207519531,,219178400,38266000,
2020-03-05,71.42119598388672,65.9520034790039,,73.2300033569336,65.9520034790039,,74.88749694824219,67.94550323486328,,72.85250091552734,65.25499725341797,,73.87999725341797,67.51000213623047,,187572800,51226000,
2020-03-06,70.47269439697266,64.92050170898438,,72.25749969482422,64.92050170898438,,72.70500183105469,65.31099700927734,,70.30750274658203,63.0525016784668,,70.5,63.85300064086914,,226176800,53212000,
2020-03-09,64.89886474609375,60.77799987792969,,66.5425033569336,60.77799987792969,,69.52249908447266,62.737998962402344,,65.75,60.0,,65.9375,60.26499938964844,,286744800,67308000,
2020-03-10,69.57300567626953,64.01950073242188,,71.33499908447266,64.01950073242188,,71.61000061035156,64.05750274658203,,67.34249877929688,60.938499450683594,,69.28500366210938,63.0,,285290000,52228000,
2020-03-11,67.15669250488281,60.77050018310547,,68.85749816894531,60.77050018310547,,70.30500030517578,63.04800033569336,,67.96499633789062,59.80350112915039,,69.34750366210938,62.48500061035156,,255598800,52170000,
2020-03-12,60.52465057373047,55.74549865722656,,62.057498931884766,55.74549865722656,,67.5,59.69350051879883,,62.0,55.665000915527344,,63.98500061035156,56.29999923706055,,418474000,84534000,
2020-03-13,67.77601623535156,60.98649978637695,,69.49250030517578,60.98649978637695,,69.9800033569336,60.987998962402344,,63.23749923706055,55.85715103149414,,66.22250366210938,58.95000076293945,,370732000,74002000,
2020-03-16,59.05683135986328,54.21649932861328,,60.5525016784668,54.21649932861328,,64.7699966430664,57.61334991455078,,60.0,53.72200012207031,,60.48749923706055,54.79999923706055,,322423600,85048000,
2020-03-17,61.653564453125,55.9900016784668,,63.21500015258789,55.9900016784668,,64.40249633789062,56.542999267578125,,59.599998474121094,52.800498962402344,,61.877498626708984,54.65549850463867,,324056000,77230000,
2020-03-18,60.14429473876953,54.84000015258789,,61.66749954223633,54.84000015258789,,62.5,55.32500076293945,,59.279998779296875,51.86399841308594,,59.942501068115234,52.82550048828125,,300233600,84668000,
2020-03-19,59.6834602355957,55.76449966430664,,61.19499969482422,55.76449966430664,,63.209999084472656,57.89849853515625,,60.65250015258789,53.005401611328125,,61.84749984741211,54.65250015258789,,271857200,73022000,
2020-03-20,55.89442825317383,53.61600112915039,,57.310001373291016,53.61600112915039,,62.95750045776367,57.199501037597656,,57.0,53.27450180053711,,61.79499816894531,56.7859992980957,,401693200,72036000,
2020-03-23,54.707000732421875,52.83100128173828,,56.092498779296875,52.83100128173828,,57.125,53.566001892089844,,53.15250015258789,50.67679977416992,,57.02000045776367,53.066001892089844,,336752800,80882000,
2020-03-24,60.195499420166016,56.722999572753906,,61.720001220703125,56.722999572753906,,61.92250061035156,56.75,,58.57500076293945,54.53099822998047,,59.09000015258789,55.188499450683594,,287531200,66890000,
2020-03-25,59.86389923095703,55.1245002746582,,61.380001068115234,55.1245002746582,,64.5625,57.44499969482422,,61.07500076293945,54.300498962402344,,62.6875,56.32350158691406,,303602000,81630000,
2020-03-26,63.01411819458008,58.087501525878906,,64.61000061035156,58.087501525878906,,64.66999816894531,58.49850082397461,,61.59000015258789,54.67649841308594,,61.630001068115234,55.59000015258789,,252087200,71434000,
2020-03-27,60.405181884765625,55.535499572753906,,61.935001373291016,55.535499572753906,,63.967498779296875,57.53350067138672,,61.76250076293945,55.295501708984375,,63.1875,56.28350067138672,,204216800,64170000,
2020-03-30,62.129024505615234,57.340999603271484,,63.70249938964844,57.340999603271484,,63.880001068115234,57.58150100708008,,62.349998474121094,54.82400131225586,,62.685001373291016,56.25199890136719,,167976400,51482000,
2020-03-31,62.00223159790039,58.140499114990234,,63.5724983215332,58.140499114990234,,65.62249755859375,58.765499114990234,,63.0,56.90700149536133,,63.900001525878906,57.3650016784668,,197002000,49728000,
2020-04-01,58.7398681640625,55.28099822998047,,60.227500915527344,55.28099822998047,,62.18000030517578,56.484500885009766,,59.782501220703125,54.872501373291016,,61.625,56.099998474121094,,176218400,46884000,
2020-04-02,59.720035552978516,56.04199981689453,,61.23249816894531,56.04199981689453,,61.287498474121094,56.34299850463867,,59.224998474121094,54.81999969482422,,60.084999084472656,54.91299819946289,,165934000,39298000,
2020-04-03,58.861785888671875,54.89400100708008,,60.352500915527344,54.89400100708008,,61.42499923706055,56.176998138427734,,59.74250030517578,53.990501403808594,,60.70000076293945,55.950748443603516,,129880000,46268000,
2020-04-06,63.99672317504883,59.34600067138672,,65.61750030517578,59.34600067138672,,65.77749633789062,59.733001708984375,,62.345001220703125,56.547000885009766,,62.724998474121094,56.900001525878906,,201820400,53294000,
2020-04-07,63.2555046081543,59.32550048828125,,64.85749816894531,59.32550048828125,,67.92500305175781,61.25,,64.75,59.11149978637695,,67.69999694824219,61.04999923706055,,202887200,47746000,
2020-04-08,64.87449645996094,60.513999938964844,,66.51750183105469,60.513999938964844,,66.84249877929688,60.95349884033203,,65.30750274658203,59.40800094604492,,65.68499755859375,60.32500076293945,,168895200,39502000,
2020-04-09,65.34263610839844,60.5724983215332,,66.99749755859375,60.5724983215332,,67.51750183105469,61.278499603271484,,66.17500305175781,59.83675003051758,,67.17500305175781,61.20399856567383,,161834800,43508000,
2020-04-13,66.62512969970703,60.87799835205078,,68.3125,60.87799835205078,,68.42500305175781,61.0255012512207,,66.4574966430664,59.37990188598633,,67.07749938964844,60.45899963378906,,131022800,34796000,
2020-04-14,69.98993682861328,63.46149826049805,,71.76249694824219,63.46149826049805,,72.0625,64.10350036621094,,69.51249694824219,61.846500396728516,,70.0,62.25450134277344,,194994800,49408000,
2020-04-15,69.35111999511719,63.12350082397461,,71.10749816894531,63.12350082397461,,71.5824966430664,64.02300262451172,,70.15750122070312,62.02000045776367,,70.5999984741211,62.28049850463867,,131154400,33434000,
2020-04-16,69.90215301513672,63.173500061035156,,71.67250061035156,63.173500061035156,,72.05000305175781,63.95000076293945,,70.5875015258789,62.13100051879883,,71.84500122070312,63.70500183105469,,157125200,50362000,
2020-04-17,68.95368194580078,64.1624984741211,,70.69999694824219,64.1624984741211,,71.73750305175781,64.72149658203125,,69.21499633789062,63.561500549316406,,71.17250061035156,64.24250030517578,,215250000,38980000,
2020-04-20,67.52243041992188,63.330501556396484,,69.23249816894531,63.330501556396484,,70.41999816894531,64.08000183105469,,69.2125015258789,63.06850051879883,,69.48750305175781,63.54999923706055,,130015200,33910000,
2020-04-21,65.43528747558594,60.81700134277344,,67.09249877929688,60.81700134277344,,69.3125,62.7135009765625,,66.35749816894531,60.48550033569336,,69.06999969482422,62.349998474121094,,180991600,43060000,
2020-04-22,67.32006072998047,63.160499572753906,,69.0250015258789,63.160499572753906,,69.4749984741211,64.28064727783203,,68.05000305175781,62.099998474121094,,68.40249633789062,62.277000427246094,,116862400,41848000,
2020-04-23,67.05916595458984,63.81549835205078,,68.75749969482422,63.81549835205078,,70.4375,64.66549682617188,,68.71749877929688,63.28350067138672,,68.96749877929688,63.57749938964844,,124814400,31324000,
2020-04-24,68.99514770507812,63.96549987792969,,70.74250030517578,63.96549987792969,,70.75250244140625,64.0199966430664,,69.25,62.47249984741211,,69.30000305175781,63.05849838256836,,126161200,32792000,
2020-04-27,69.04390716552734,63.79399871826172,,70.7925033569336,63.79399871826172,,71.13500213623047,64.80750274658203,,69.98750305175781,63.45000076293945,,70.44999694824219,64.80000305175781,,117087600,32012000,
2020-04-28,67.92472839355469,61.68349838256836,,69.6449966430664,61.68349838256836,,71.4574966430664,64.40249633789062,,69.55000305175781,61.61000061035156,,71.2699966430664,64.39649963378906,,112004800,59026000,
2020-04-29,70.15576171875,67.0739974975586,,71.93250274658203,67.0739974975586,,72.4175033569336,67.99949645996094,,70.97250366210938,66.26699829101562,,71.18250274658203,67.072998046875,,137280800,75872000,
2020-04-30,71.63577270507812,67.43299865722656,,73.44999694824219,67.43299865722656,,73.63249969482422,67.64099884033203,,72.0875015258789,66.12449645996094,,72.48999786376953,66.24400329589844,,183064000,53378000,
2020-05-01,70.48247528076172,66.03050231933594,,72.26750183105469,66.03050231933594,,74.75,67.60350036621094,,71.4625015258789,65.55000305175781,,71.5625,66.42500305175781,,240616800,41450000,
2020-05-04,71.47972106933594,66.33999633789062,,73.29000091552734,66.33999633789062,,73.42250061035156,66.38300323486328,,71.58000183105469,64.94999694824219,,72.2925033569336,65.4114990234375,,133568000,30080000,
2020-05-05,72.55253601074219,67.55549621582031,,74.38999938964844,67.55549621582031,,75.25,68.6969985961914,,73.61499786376953,66.87300109863281,,73.76499938964844,66.89600372314453,,147751200,33030000,
2020-05-06,73.30109405517578,67.36499786376953,,75.15750122070312,67.36499786376953,,75.80999755859375,68.55599975585938,,74.71749877929688,67.364501953125,,75.11499786376953,68.08450317382812,,142333600,24308000,
2020-05-07,74.05938720703125,68.62799835205078,,75.93499755859375,68.62799835205078,,76.2925033569336,68.87999725341797,,75.49250030517578,67.76349639892578,,75.80500030517578,68.2969970703125,,115215200,27952000,
2020-05-08,75.8221206665039,69.41850280761719,,77.53250122070312,69.41850280761719,,77.5875015258789,69.93800354003906,,76.07250213623047,68.77400207519531,,76.41000366210938,69.15650177001953,,133838400,27738000,
2020-05-11,77.01520538330078,70.16300201416016,,78.75250244140625,70.16300201416016,,79.26249694824219,70.82649993896484,,76.80999755859375,68.85759735107422,,77.0250015258789,68.91400146484375,,145946400,28242000,
2020-05-12,76.13505554199219,68.78700256347656,,77.85250091552734,68.78700256347656,,79.92250061035156,70.75,,77.72750091552734,68.7385025024414,,79.4574966430664,70.35600280761719,,162301200,27812000,
2020-05-13,75.21578216552734,67.46649932861328,,76.9124984741211,67.46649932861328,,78.98750305175781,69.27410125732422,,75.80249786376953,66.41999816894531,,78.0374984741211,68.85250091552734,,200622400,36252000,
2020-05-14,75.67788696289062,67.80650329589844,,77.38500213623047,67.80650329589844,,77.44750213623047,67.87100219726562,,75.38249969482422,66.19550323486328,,76.12750244140625,66.7509994506836,,158929200,32062000,
2020-05-15,75.23046875,68.65950012207031,,76.92749786376953,68.65950012207031,,76.9749984741211,68.7239990234375,,75.05249786376953,66.94999694824219,,75.0875015258789,67.5,,166348400,34154000,
2020-05-18,77.00297546386719,69.1969985961914,,78.73999786376953,69.1969985961914,,79.125,69.61624908447266,,77.58000183105469,67.7125015258789,,78.2925033569336,68.0875015258789,,135178400,36448000,
2020-05-19,76.55802917480469,68.67424774169922,,78.28500366210938,68.67424774169922,,79.62999725341797,69.5999984741211,,78.25250244140625,68.67424774169922,,78.75749969482422,69.349853515625,,101729600,25612000,
2020-05-20,78.04693603515625,70.33599853515625,,79.80750274658203,70.33599853515625,,79.87999725341797,70.52100372314453,,79.12999725341797,69.36250305175781,,79.16999816894531,69.47899627685547,,111504800,33108000,
2020-05-21,77.46504974365234,70.13999938964844,,79.2125015258789,70.13999938964844,,80.22250366210938,70.77449798583984,,78.96749877929688,69.67250061035156,,79.66500091552734,70.4000015258789,,102688800,27700000,
2020-05-22,77.96380615234375,70.52100372314453,,79.72250366210938,70.52100372314453,,79.80750274658203,70.63800048828125,,78.8375015258789,69.59149932861328,,78.94249725341797,69.83550262451172,,81803200,26188000,
2020-05-26,77.43571472167969,70.85099792480469,,79.18250274658203,70.85099792480469,,81.05999755859375,72.05000305175781,,79.125,70.60649871826172,,80.875,71.8635025024414,,125522000,41212000,
2020-05-27,77.77310943603516,70.89199829101562,,79.52749633789062,70.89199829101562,,79.67749786376953,71.08699798583984,,78.27249908447266,69.56449890136719,,79.03500366210938,70.86250305175781,,112945200,33716000,
2020-05-28,77.80733489990234,70.83650207519531,,79.5625,70.83650207519531,,80.86000061035156,72.04199981689453,,78.90750122070312,69.80000305175781,,79.19249725341797,69.84300231933594,,133560800,33844000,
2020-05-29,77.73153686523438,71.44599914550781,,79.48500061035156,71.44599914550781,,80.2874984741211,71.62850189208984,,79.11750030517578,70.6675033569336,,79.8125,70.84700012207031,,153532400,36418000,
2020-06-01,78.68749237060547,71.59100341796875,,80.4625015258789,71.59100341796875,,80.5875015258789,71.89800262451172,,79.30249786376953,70.9000015258789,,79.4375,70.91950225830078,,80791200,24342000,
2020-06-02,79.05176544189453,71.96099853515625,,80.83499908447266,71.96099853515625,,80.86000061035156,71.98049926757812,,79.73249816894531,70.94149780273438,,80.1875,71.52749633789062,,87642800,25562000,
2020-06-03,79.48694610595703,71.81900024414062,,81.27999877929688,71.81900024414062,,81.55000305175781,72.32759857177734,,80.57499694824219,71.48885345458984,,81.16500091552734,71.91500091552734,,104491200,25124000,
2020-06-04,78.80238342285156,70.60900115966797,,80.58000183105469,70.60900115966797,,81.40499877929688,71.947998046875,,80.19499969482422,70.23650360107422,,81.09750366210938,71.5199966430664,,87560400,29686000,
2020-06-05,81.0467529296875,71.91950225830078,,82.875,71.91950225830078,,82.9375,72.25250244140625,,80.80750274658203,70.30000305175781,,80.8375015258789,70.65850067138672,,137250400,34698000,
2020-06-08,81.52593994140625,72.33049774169922,,83.36499786376953,72.33049774169922,,83.4000015258789,72.39949798583984,,81.83000183105469,71.11699676513672,,82.5625,71.11699676513672,,95654400,28084000,
2020-06-09,84.1003646850586,72.80799865722656,,85.99749755859375,72.80799865722656,,86.40249633789062,73.4000015258789,,83.00250244140625,72.1604995727539,,83.03500366210938,72.26799774169922,,147712400,28184000,
2020-06-10,86.26407623291016,73.2925033569336,,88.20999908447266,73.2925033569336,,88.69249725341797,73.71295166015625,,86.52249908447266,72.8134994506836,,86.9749984741211,72.97699737548828,,166651600,30504000,
2020-06-11,82.12249755859375,70.19200134277344,,83.9749984741211,70.19200134277344,,87.76499938964844,72.72374725341797,,83.87000274658203,70.0999984741211,,87.32749938964844,72.1240005493164,,201662400,39826000,
2020-06-12,82.8315200805664,70.65899658203125,,84.69999694824219,70.65899658203125,,86.94999694824219,71.8499984741211,,83.55500030517578,69.3010025024414,,86.18000030517578,71.42449951171875,,200146000,38928000,
2020-06-15,83.85588073730469,70.99250030517578,,85.74749755859375,70.99250030517578,,86.41999816894531,71.23999786376953,,83.1449966430664,69.39600372314453,,83.3125,69.54000091552734,,138808800,30078000,
2020-06-16,86.07825469970703,72.13600158691406,,88.0199966430664,72.13600158691406,,88.30000305175781,72.7509994506836,,86.18000030517578,71.29499816894531,,87.86499786376953,72.26100158691406,,165428800,34184000,
2020-06-17,85.95845794677734,72.55599975585938,,87.89749908447266,72.55599975585938,,88.8499984741211,73.0,,87.77249908447266,71.56900024414062,,88.7874984741211,72.35800170898438,,114406400,30992000,
2020-06-18,85.99269104003906,71.7979965209961,,87.93250274658203,71.7979965209961,,88.36250305175781,72.57050323486328,,87.30500030517578,71.35050201416016,,87.85250091552734,72.45800018310547,,96820400,31638000,
2020-06-19,85.50126647949219,71.58599853515625,,87.43000030517578,71.58599853515625,,89.13999938964844,72.38999938964844,,86.2874984741211,71.06749725341797,,88.66000366210938,72.19999694824219,,264476000,63158000,
2020-06-22,87.73832702636719,72.59300231933594,,89.71749877929688,72.59300231933594,,89.86499786376953,72.63749694824219,,87.7874984741211,71.1604995727539,,87.83499908447266,71.44999694824219,,135445200,30848000,
2020-06-23,89.61106872558594,73.22049713134766,,91.63249969482422,73.22049713134766,,93.09500122070312,73.79705047607422,,90.56749725341797,72.26200103759766,,91.0,72.78199768066406,,212155600,28596000,
2020-06-24,88.02924346923828,71.59850311279297,,90.01499938964844,71.59850311279297,,92.19750213623047,73.77100372314453,,89.62999725341797,71.48750305175781,,91.25,73.07550048828125,,192623200,35120000,
2020-06-25,89.19786834716797,72.06649780273438,,91.20999908447266,72.06649780273438,,91.25,72.1449966430664,,89.39250183105469,71.0,,90.17500305175781,71.49500274658203,,137522400,24610000,
2020-06-26,86.45720672607422,67.99500274658203,,88.40750122070312,67.99500274658203,,91.33000183105469,71.67250061035156,,88.25499725341797,67.59950256347656,,91.10250091552734,71.56950378417969,,205256800,85354000,
2020-06-29,88.44976806640625,69.74849700927734,,90.44499969482422,69.74849700927734,,90.5425033569336,69.77999877929688,,87.81999969482422,67.35050201416016,,88.3125,67.90899658203125,,130646000,36204000,
2020-06-30,89.1881103515625,70.68049621582031,,91.19999694824219,70.68049621582031,,91.49500274658203,70.93250274658203,,90.0,69.197998046875,,90.0199966430664,69.52200317382812,,140223200,40848000,
2020-07-01,89.0194320678711,71.9020004272461,,91.02749633789062,71.9020004272461,,91.83999633789062,72.1500015258789,,90.97750091552734,70.49099731445312,,91.27999877929688,70.55500030517578,,110737200,35504000,
2020-07-02,89.0194320678711,73.23500061035156,,91.02749633789062,73.23500061035156,,92.61750030517578,74.14749908447266,,90.91000366210938,72.32099914550781,,91.9625015258789,72.34700012207031,,114041600,37182000,
2020-07-06,91.40068817138672,74.78500366210938,,93.4625015258789,74.78500366210938,,93.94499969482422,75.32949829101562,,92.46749877929688,73.64299774169922,,92.5,74.00299835205078,,118655600,31280000,
2020-07-07,91.11709594726562,74.25900268554688,,93.17250061035156,74.25900268554688,,94.65499877929688,75.83999633789062,,93.05750274658203,74.17749786376953,,93.85250091552734,74.5,,112424400,29164000,
2020-07-08,93.23922729492188,74.80000305175781,,95.34249877929688,74.80000305175781,,95.375,75.29399871826172,,94.08999633789062,74.28150177001953,,94.18000030517578,74.71600341796875,,117092000,24994000,
2020-07-09,93.64019775390625,75.54949951171875,,95.75250244140625,75.54949951171875,,96.31749725341797,76.13600158691406,,94.67250061035156,74.40425109863281,,96.26249694824219,75.32250213623047,,125642800,28466000,
2020-07-10,93.8039779663086,77.08699798583984,,95.91999816894531,77.08699798583984,,95.9800033569336,77.19149780273438,,94.70500183105469,74.8270034790039,,95.33499908447266,75.30750274658203,,90257200,37126000,
2020-07-13,93.37126159667969,75.56700134277344,,95.47750091552734,75.56700134277344,,99.95500183105469,78.85659790039062,,95.25749969482422,75.26215362548828,,97.26499938964844,77.5,,191649200,36928000,
2020-07-14,94.9163818359375,76.02899932861328,,97.05750274658203,76.02899932861328,,97.25499725341797,76.14749908447266,,93.87750244140625,74.17500305175781,,94.83999633789062,74.5155029296875,,170989200,31700000,
2020-07-15,95.56916046142578,75.68199920654297,,97.7249984741211,75.68199920654297,,99.24749755859375,76.7665023803711,,96.48999786376953,74.9000015258789,,98.98999786376953,76.15650177001953,,153198000,32214000,
2020-07-16,94.39319610595703,75.9000015258789,,96.52249908447266,75.9000015258789,,97.40499877929688,75.93450164794922,,95.90499877929688,74.31549835205078,,96.5625,75.0,,110577600,30386000,
2020-07-17,94.2024917602539,75.77749633789062,,96.32749938964844,75.77749633789062,,97.14749908447266,76.1719970703125,,95.83999633789062,74.9209976196289,,96.98750305175781,76.08100128173828,,92186800,29134000,
2020-07-20,96.18770599365234,78.28600311279297,,98.35749816894531,78.28600311279297,,98.5,78.5145034790039,,96.0625,75.18000030517578,,96.4175033569336,75.76300048828125,,90318000,31146000,
2020-07-21,94.86016082763672,77.9209976196289,,97.0,77.9209976196289,,99.25,79.34950256347656,,96.74250030517578,77.71399688720703,,99.17250061035156,79.34950256347656,,103433200,24324000,
2020-07-22,95.12664794921875,78.42449951171875,,97.27249908447266,78.42449951171875,,97.9749984741211,78.5,,96.60250091552734,77.30500030517578,,96.69249725341797,78.0250015258789,,89001600,18640000,
2020-07-23,90.79680633544922,75.78399658203125,,92.84500122070312,75.78399658203125,,97.07749938964844,78.59349822998047,,92.01000213623047,75.36959838867188,,96.99749755859375,78.34850311279297,,197004400,32552000,
2020-07-24,90.5718994140625,75.59349822998047,,92.61499786376953,75.59349822998047,,92.97000122070312,75.88179779052734,,89.1449966430664,74.41999816894531,,90.98750305175781,74.94650268554688,,185438800,30880000,
2020-07-27,92.71846008300781,76.51000213623047,,94.80999755859375,76.51000213623047,,94.90499877929688,77.04850006103516,,93.4800033569336,75.760498046875,,93.70999908447266,75.77999877929688,,121214000,24920000,
2020-07-28,91.19534301757812,75.01699829101562,,93.25250244140625,75.01699829101562,,94.55000305175781,76.3239974975586,,93.24749755859375,74.88300323486328,,94.36750030517578,76.25900268554688,,103625600,34044000,
2020-07-29,92.94339752197266,76.10099792480469,,95.04000091552734,76.10099792480469,,95.2300033569336,76.5625991821289,,93.7125015258789,75.06649780273438,,93.75,75.31600189208984,,90329200,22130000,
2020-07-30,94.06803894042969,76.57250213623047,,96.19000244140625,76.57250213623047,,96.29750061035156,76.89350128173828,,93.76750183105469,74.61100006103516,,94.1875,74.8499984741211,,158130000,33428000,
2020-07-31,103.9158706665039,74.14800262451172,,106.26000213623047,74.14800262451172,,106.41500091552734,75.44750213623047,,100.82499694824219,72.70149993896484,,102.88500213623047,75.25050354003906,,374336800,68798000,
2020-08-03,106.53431701660156,73.72250366210938,,108.9375,73.72250366210938,,111.63749694824219,74.52349853515625,,107.89250183105469,73.28199768066406,,108.19999694824219,74.33200073242188,,308151200,46604000,
2020-08-04,107.24575805664062,73.24849700927734,,109.66500091552734,73.24849700927734,,110.79000091552734,74.27799987792969,,108.38749694824219,72.93250274658203,,109.13249969482422,73.82849884033203,,173071600,38070000,
2020-08-05,107.63449096679688,73.68049621582031,,110.0625,73.68049621582031,,110.39250183105469,74.12049865722656,,108.89749908447266,73.1729965209961,,109.37750244140625,73.46499633789062,,121776800,39590000,
2020-08-06,111.38977813720703,75.00499725341797,,113.90249633789062,75.00499725341797,,114.4124984741211,75.11949920654297,,109.79750061035156,73.30000305175781,,110.40499877929688,73.5875015258789,,202428800,39908000,
2020-08-07,108.85725402832031,74.72450256347656,,111.11250305175781,74.72450256347656,,113.67500305175781,75.84224700927734,,110.2925033569336,74.08200073242188,,113.20500183105469,75.0,,198045600,31556000,
2020-08-10,110.43946838378906,74.80500030517578,,112.72750091552734,74.80500030517578,,113.7750015258789,75.20375061035156,,110.0,73.65399932861328,,112.5999984741211,74.35900115966797,,212403600,25786000,
2020-08-11,107.15502166748047,74.01599884033203,,109.375,74.01599884033203,,112.48249816894531,75.5,,109.10749816894531,73.9000015258789,,111.97000122070312,74.62200164794922,,187902400,29088000,
2020-08-12,110.71623992919922,75.33100128173828,,113.01000213623047,75.33100128173828,,113.2750015258789,75.61930084228516,,110.29750061035156,74.26249694824219,,110.49749755859375,74.27899932861328,,165598000,28740000,
2020-08-13,112.6756362915039,75.92250061035156,,115.01000213623047,75.92250061035156,,116.0425033569336,76.86250305175781,,113.92749786376953,75.40025329589844,,114.43000030517578,75.51699829101562,,210082000,29104000,
2020-08-14,112.5752182006836,75.3864974975586,,114.90750122070312,75.3864974975586,,115.0,76.09500122070312,,113.04499816894531,75.14399719238281,,114.83000183105469,75.78299713134766,,165565200,27096000,
2020-08-17,112.28131103515625,75.89900207519531,,114.60749816894531,75.89900207519531,,116.0875015258789,76.28050231933594,,113.9625015258789,75.39849853515625,,116.0625,75.7334976196289,,119561600,27566000,
2020-08-18,113.2169189453125,77.93000030517578,,115.5625,77.93000030517578,,116.0,78.12349700927734,,114.00749969482422,76.18550109863281,,114.35250091552734,76.30899810791016,,105633600,40542000,
2020-08-19,113.35897827148438,77.37650299072266,,115.7074966430664,77.37650299072266,,117.1624984741211,78.68399810791016,,115.61000061035156,77.19750213623047,,115.98249816894531,77.66549682617188,,145538000,33212000,
2020-08-20,115.87437438964844,79.0875015258789,,118.2750015258789,79.0875015258789,,118.39250183105469,79.29350280761719,,115.73249816894531,76.91000366210938,,115.75,77.17250061035156,,126907200,34138000,
2020-08-21,121.84565734863281,79.02100372314453,,124.37000274658203,79.02100372314453,,124.86750030517578,79.88600158691406,,119.25,78.40025329589844,,119.26249694824219,78.85150146484375,,338054800,28930000,
2020-08-24,123.30296325683594,79.41000366210938,,125.85749816894531,79.41000366210938,,128.78500366210938,80.70850372314453,,123.9375,79.02850341796875,,128.69749450683594,79.6989974975586,,345937600,28198000,
2020-08-25,122.29141235351562,80.41100311279297,,124.82499694824219,80.41100311279297,,125.18000030517578,80.58100128173828,,123.05249786376953,79.10350036621094,,124.69750213623047,79.10350036621094,,211495600,44942000,
2020-08-26,123.9544677734375,82.61900329589844,,126.52249908447266,82.61900329589844,,126.99250030517578,82.96099853515625,,125.0824966430664,80.18000030517578,,126.18000030517578,80.4000015258789,,163022400,79868000,
2020-08-27,122.47267150878906,81.71649932861328,,125.01000213623047,81.71649932861328,,127.48500061035156,82.75,,123.8324966430664,81.2874984741211,,127.14250183105469,82.68399810791016,,155552400,37232000,
2020-08-28,122.2742919921875,82.22049713134766,,124.80750274658203,82.22049713134766,,126.44249725341797,82.3584976196289,,124.57749938964844,81.5374984741211,,126.01249694824219,81.67449951171875,,187630000,29980000,
2020-08-31,126.42088317871094,81.70899963378906,,129.0399932861328,81.70899963378906,,131.0,82.39824676513672,,126.0,81.5155029296875,,127.58000183105469,82.39450073242188,,225702700,36468000,
2020-09-01,131.45654296875,83.0354995727539,,134.17999267578125,83.0354995727539,,134.8000030517578,83.2864990234375,,130.52999877929688,81.61100006103516,,132.75999450683594,81.83149719238281,,151948100,36506000,
2020-09-02,128.7329559326172,86.41400146484375,,131.39999389648438,86.41400146484375,,137.97999572753906,86.65899658203125,,127.0,83.31649780273438,,137.58999633789062,83.68875122070312,,200119000,50224000,
2020-09-03,118.42649841308594,82.09200286865234,,120.87999725341797,82.09200286865234,,128.83999633789062,85.48570251464844,,120.5,80.75299835205078,,126.91000366210938,85.48570251464844,,257599600,62156000,
2020-09-04,118.50489044189453,79.552001953125,,120.95999908447266,79.552001953125,,123.69999694824219,82.25550079345703,,110.88999938964844,77.38065338134766,,120.06999969482422,81.21299743652344,,332607200,52172000,
2020-09-08,110.53008270263672,76.61949920654297,,112.81999969482422,76.61949920654297,,118.98999786376953,78.19325256347656,,112.68000030517578,76.40049743652344,,113.94999694824219,76.67549896240234,,231366600,52218000,
2020-09-09,114.9387435913086,77.8479995727539,,117.31999969482422,77.8479995727539,,119.13999938964844,78.44999694824219,,115.26000213623047,76.80255126953125,,117.26000213623047,77.87650299072266,,176940500,35494000,
2020-09-10,111.18649291992188,76.60099792480469,,113.48999786376953,76.60099792480469,,120.5,79.20404815673828,,112.5,76.29025268554688,,120.36000061035156,78.03199768066406,,182274400,32372000,
2020-09-11,109.72673797607422,76.03600311279297,,112.0,76.03600311279297,,115.2300033569336,78.76000213623047,,110.0,74.86799621582031,,114.56999969482422,76.80000305175781,,180860300,31942000,
2020-09-14,113.01853942871094,75.96399688720703,,115.36000061035156,75.96399688720703,,115.93000030517578,78.19999694824219,,112.80000305175781,75.78700256347656,,114.72000122070312,76.95024871826172,,140150100,33932000,
2020-09-15,113.19488525390625,77.0719985961914,,115.54000091552734,77.0719985961914,,118.83000183105469,77.97850036621094,,113.61000061035156,76.59175109863281,,118.33000183105469,76.80000305175781,,184642000,26622000,
2020-09-16,109.8541030883789,76.04499816894531,,112.12999725341797,76.04499816894531,,116.0,78.0999984741211,,112.04000091552734,75.99099731445312,,115.2300033569336,77.7770004272461,,154679000,26234000,
2020-09-17,108.10043334960938,74.77649688720703,,110.33999633789062,74.77649688720703,,112.19999694824219,75.41490173339844,,108.70999908447266,73.5,,109.72000122070312,74.80000305175781,,178011000,37596000,
2020-09-18,104.67146301269531,72.99949645996094,,106.83999633789062,72.99949645996094,,110.87999725341797,75.150146484375,,106.08999633789062,71.85649871826172,,110.4000015258789,74.90049743652344,,287104900,62078000,
2020-09-21,107.84571075439453,71.55799865722656,,110.08000183105469,71.55799865722656,,110.19000244140625,72.41799926757812,,103.0999984741211,70.32749938964844,,104.54000091552734,72.00299835205078,,195713800,57776000,
2020-09-22,109.54058837890625,73.27300262451172,,111.80999755859375,73.27300262451172,,112.86000061035156,73.47599792480469,,109.16000366210938,71.72650146484375,,112.68000030517578,72.50450134277344,,183055400,31664000,
2020-09-23,104.9457778930664,70.760498046875,,107.12000274658203,70.760498046875,,112.11000061035156,73.0479965209961,,106.7699966430664,70.38500213623047,,111.62000274658203,72.93900299072266,,150718700,33148000,
2020-09-24,106.0234603881836,71.41449737548828,,108.22000122070312,71.41449737548828,,110.25,72.1854476928711,,105.0,70.49250030517578,,105.16999816894531,70.55149841308594,,167743300,29004000,
2020-09-25,110.00104522705078,72.24800109863281,,112.27999877929688,72.24800109863281,,112.44000244140625,72.5,,107.66999816894531,70.66699981689453,,108.43000030517578,71.63150024414062,,149981400,26460000,
2020-09-28,112.62664794921875,73.22599792480469,,114.95999908447266,73.22599792480469,,115.31999969482422,73.83999633789062,,112.77999877929688,72.46504974365234,,115.01000213623047,73.71050262451172,,137672400,40158000,
2020-09-29,111.7743148803711,73.46649932861328,,114.08999633789062,73.46649932861328,,115.30999755859375,73.8331527709961,,113.56999969482422,72.94024658203125,,114.55000305175781,73.51950073242188,,99382200,19564000,
2020-09-30,113.45941162109375,73.4800033569336,,115.80999755859375,73.4800033569336,,117.26000213623047,74.48750305175781,,113.62000274658203,72.99400329589844,,113.79000091552734,73.33999633789062,,142675200,34032000,
2020-10-01,114.41950225830078,74.50450134277344,,116.79000091552734,74.50450134277344,,117.72000122070312,74.9520034790039,,115.83000183105469,73.96050262451172,,117.63999938964844,74.2135009765625,,116120400,35590000,
2020-10-02,110.72602844238281,72.9209976196289,,113.0199966430664,72.9209976196289,,115.37000274658203,74.16000366210938,,112.22000122070312,72.5459976196289,,112.88999938964844,73.10150146484375,,144712000,25682000,
2020-10-05,114.13540649414062,74.3010025024414,,116.5,74.3010025024414,,116.6500015258789,74.4104995727539,,113.55000305175781,73.2135009765625,,113.91000366210938,73.31050109863281,,106243800,22266000,
2020-10-06,110.86318969726562,72.6719970703125,,113.16000366210938,72.6719970703125,,116.12000274658203,74.33799743652344,,112.25,72.42949676513672,,115.69999694824219,73.77899932861328,,161498200,24908000,
2020-10-07,112.7442398071289,73.0145034790039,,115.08000183105469,73.0145034790039,,115.55000305175781,73.447998046875,,114.12999725341797,71.80000305175781,,114.62000274658203,73.2145004272461,,96849000,34924000,
2020-10-08,112.636474609375,74.29650115966797,,114.97000122070312,74.29650115966797,,116.4000015258789,74.5,,114.58999633789062,73.25450134277344,,116.25,73.25450134277344,,83477200,23756000,
2020-10-09,114.59585571289062,75.76100158691406,,116.97000122070312,75.76100158691406,,117.0,75.82599639892578,,114.91999816894531,74.47250366210938,,115.27999877929688,74.73500061035156,,100506900,28706000,
2020-10-12,121.87504577636719,78.4574966430664,,124.4000015258789,78.4574966430664,,125.18000030517578,79.69300079345703,,119.27999877929688,76.62850189208984,,120.05999755859375,77.1500015258789,,240226800,49652000,
2020-10-13,118.64203643798828,78.58399963378906,,121.0999984741211,78.58399963378906,,125.38999938964844,79.5,,119.6500015258789,78.16000366210938,,125.2699966430664,79.1865005493164,,262330500,32020000,
2020-10-14,118.730224609375,78.40399932861328,,121.19000244140625,78.40399932861328,,123.02999877929688,79.38420104980469,,119.62000274658203,77.52649688720703,,121.0,78.92949676513672,,150712000,38586000,
2020-10-15,118.25995635986328,77.95649719238281,,120.70999908447266,77.95649719238281,,121.19999694824219,78.7552490234375,,118.1500015258789,77.25150299072266,,118.72000122070312,77.35749816894531,,112559200,30800000,
2020-10-16,116.604248046875,78.65049743652344,,119.0199966430664,78.65049743652344,,121.55000305175781,79.05650329589844,,118.80999755859375,78.1500015258789,,121.27999877929688,78.2925033569336,,115393800,28694000,
2020-10-19,113.62594604492188,76.73049926757812,,115.9800033569336,76.73049926757812,,120.41999816894531,79.40750122070312,,115.66000366210938,76.4000015258789,,119.95999908447266,79.02300262451172,,120639300,32142000,
2020-10-20,115.1249008178711,77.79650115966797,,117.51000213623047,77.79650115966797,,118.9800033569336,78.875,,115.62999725341797,76.28350067138672,,116.19999694824219,76.35250091552734,,124423700,44834000,
2020-10-21,114.4979019165039,79.66549682617188,,116.87000274658203,79.66549682617188,,118.70999908447266,80.9365005493164,,116.44999694824219,78.58149719238281,,116.66999816894531,78.66649627685547,,89946000,51366000,
2020-10-22,113.40062713623047,80.7665023803711,,115.75,80.7665023803711,,118.04000091552734,81.09950256347656,,114.58999633789062,79.25,,117.44999694824219,79.65249633789062,,101988000,28672000,
2020-10-23,112.70503234863281,82.05000305175781,,115.04000091552734,82.05000305175781,,116.55000305175781,82.11799621582031,,114.27999877929688,81.02549743652344,,116.38999938964844,81.30349731445312,,82572600,27516000,
2020-10-26,112.71484375,79.52249908447266,,115.05000305175781,79.52249908447266,,116.55000305175781,81.91200256347656,,112.87999725341797,78.82499694824219,,114.01000213623047,81.25050354003906,,111850700,37066000,
2020-10-27,114.23336029052734,80.21299743652344,,116.5999984741211,80.21299743652344,,117.27999877929688,80.34224700927734,,114.54000091552734,79.13899993896484,,115.48999786376953,79.78350067138672,,92276800,24580000,
2020-10-28,108.94297790527344,75.83100128173828,,111.19999694824219,75.83100128173828,,115.43000030517578,78.06749725341797,,111.0999984741211,75.73100280761719,,115.05000305175781,77.98699951171875,,143937800,36680000,
2020-10-29,112.97936248779297,78.36199951171875,,115.31999969482422,78.36199951171875,,116.93000030517578,79.68550109863281,,112.19999694824219,76.11199951171875,,112.37000274658203,76.11799621582031,,146129200,40062000,
2020-10-30,106.65045928955078,81.05049896240234,,108.86000061035156,81.05049896240234,,111.98999786376953,84.3499984741211,,107.72000122070312,80.2229995727539,,111.05999755859375,83.60549926757812,,190272600,86582000,
2020-11-02,106.56229400634766,81.30149841308594,,108.7699966430664,81.30149841308594,,110.68000030517578,83.03849792480469,,107.31999969482422,80.80149841308594,,109.11000061035156,81.40799713134766,,122866900,50708000,
2020-11-03,108.19840240478516,82.510498046875,,110.44000244140625,82.510498046875,,111.48999786376953,83.08499908447266,,108.7300033569336,80.83100128173828,,109.66000366210938,81.58899688720703,,107624400,33234000,
2020-11-04,112.61685943603516,87.45649719238281,,114.94999694824219,87.45649719238281,,115.58999633789062,88.56825256347656,,112.3499984741211,85.30149841308594,,114.13999938964844,85.51399993896484,,138235500,71418000,
2020-11-05,116.61405944824219,88.16850280761719,,119.02999877929688,88.16850280761719,,119.62000274658203,89.68199920654297,,116.87000274658203,87.52549743652344,,117.94999694824219,89.05000305175781,,126387100,41316000,
2020-11-06,116.48155975341797,88.0875015258789,,118.69000244140625,88.0875015258789,,119.19999694824219,88.62149810791016,,116.12999725341797,87.01750183105469,,118.31999969482422,87.69750213623047,,114457900,33218000,
2020-11-09,114.1556625366211,88.1500015258789,,116.31999969482422,88.1500015258789,,121.98999786376953,90.90299987792969,,116.05000305175781,88.0009994506836,,120.5,89.54499816894531,,154515300,45366000,
2020-11-10,113.81217956542969,87.01950073242188,,115.97000122070312,87.01950073242188,,117.58999633789062,88.1500015258789,,114.12999725341797,85.86499786376953,,115.55000305175781,86.55449676513672,,138023400,52722000,
2020-11-11,117.26667022705078,87.635498046875,,119.48999786376953,87.635498046875,,119.62999725341797,88.21099853515625,,116.44000244140625,87.36824798583984,,117.19000244140625,87.5,,112295000,25280000,
2020-11-12,116.99188232421875,87.49199676513672,,119.20999908447266,87.49199676513672,,120.52999877929688,88.41349792480469,,118.56999969482422,87.27999877929688,,119.62000274658203,87.38150024414062,,103162300,24950000,
2020-11-13,117.04095458984375,88.85099792480469,,119.26000213623047,88.85099792480469,,119.66999816894531,89.052001953125,,117.87000274658203,87.22750091552734,,119.44000244140625,87.88150024414062,,81581900,29998000,
2020-11-16,118.06161499023438,89.06900024414062,,120.30000305175781,89.06900024414062,,120.98999786376953,89.95349884033203,,118.1500015258789,88.3844985961914,,118.91999816894531,88.58499908447266,,91183000,24936000,
2020-11-17,117.16852569580078,88.50749969482422,,119.38999938964844,88.50749969482422,,120.66999816894531,89.25,,118.95999908447266,88.3499984741211,,119.55000305175781,88.84700012207031,,74271000,22942000,
2020-11-18,115.83385467529297,87.33899688720703,,118.02999877929688,87.33899688720703,,119.81999969482422,88.67350006103516,,118.0,87.30699920654297,,118.61000061035156,88.2614974975586,,76322100,23470000,
2020-11-19,116.43247985839844,88.19599914550781,,118.63999938964844,88.19599914550781,,119.05999755859375,88.47949981689453,,116.80999755859375,86.85025024414062,,117.58999633789062,86.91899871826172,,74113000,24998000,
2020-11-20,115.15666198730469,87.1094970703125,,117.33999633789062,87.1094970703125,,118.7699966430664,88.69999694824219,,117.29000091552734,87.09300231933594,,118.63999938964844,88.260498046875,,73604300,46270000,
2020-11-23,111.73162841796875,86.74299621582031,,113.8499984741211,86.74299621582031,,117.62000274658203,87.69499969482422,,113.75,85.88600158691406,,117.18000030517578,87.4800033569336,,127959300,43232000,
2020-11-24,113.02706146240234,88.44400024414062,,115.16999816894531,88.44400024414062,,115.8499984741211,88.58000183105469,,112.58999633789062,86.3844985961914,,113.91000366210938,86.5250015258789,,113874200,31560000,
2020-11-25,113.87106323242188,88.57150268554688,,116.02999877929688,88.57150268554688,,116.75,88.927001953125,,115.16999816894531,87.8270034790039,,115.55000305175781,88.64450073242188,,76499200,20916000,
2020-11-27,114.42063903808594,89.65950012207031,,116.58999633789062,89.65950012207031,,117.48999786376953,90.19999694824219,,116.22000122070312,88.62200164794922,,116.56999969482422,88.65450286865234,,46691300,17698000,
2020-11-30,116.8348617553711,88.03700256347656,,119.05000305175781,88.03700256347656,,120.97000122070312,89.40325164794922,,116.80999755859375,87.75,,116.97000122070312,89.05919647216797,,169410200,36476000,
2020-12-01,120.43657684326172,89.90499877929688,,122.72000122070312,89.90499877929688,,123.47000122070312,91.24150085449219,,120.01000213623047,88.46849822998047,,121.01000213623047,88.71849822998047,,127728200,34738000,
2020-12-02,120.78986358642578,91.39749908447266,,123.08000183105469,91.39749908447266,,123.37000274658203,91.78250122070312,,120.88999938964844,89.47364807128906,,122.0199966430664,89.90499877929688,,89004200,24440000,
2020-12-03,120.6524887084961,91.3385009765625,,122.94000244140625,91.3385009765625,,123.77999877929688,92.36000061035156,,122.20999908447266,91.13249969482422,,123.5199966430664,91.20050048828125,,78967600,24546000,
2020-12-04,119.9753189086914,91.39949798583984,,122.25,91.39949798583984,,122.86000061035156,91.65799713134766,,121.5199966430664,90.84950256347656,,122.5999984741211,91.22599792480469,,78260400,27564000,
2020-12-07,121.44742584228516,90.9739990234375,,123.75,90.9739990234375,,124.56999969482422,91.61849975585938,,122.25,90.28900146484375,,122.30999755859375,90.94999694824219,,86712000,26418000,
2020-12-08,122.0656967163086,90.92749786376953,,124.37999725341797,90.92749786376953,,124.9800033569336,91.09500122070312,,123.08999633789062,89.81024932861328,,124.37000274658203,90.50499725341797,,82225500,21926000,
2020-12-09,119.51407623291016,89.20649719238281,,121.77999877929688,89.20649719238281,,125.94999694824219,91.7135009765625,,121.0,88.3905029296875,,124.52999877929688,90.60050201416016,,115089200,30152000,
2020-12-10,120.94690704345703,88.7665023803711,,123.23999786376953,88.7665023803711,,123.87000274658203,89.06549835205078,,120.1500015258789,87.01599884033203,,120.5,88.48999786376953,,81312200,27256000,
2020-12-11,120.13236236572266,89.0885009765625,,122.41000366210938,89.0885009765625,,122.76000213623047,89.22250366210938,,120.55000305175781,88.0,,122.43000030517578,88.15299987792969,,86939800,24414000,
2020-12-14,119.51407623291016,88.00299835205078,,121.77999877929688,88.00299835205078,,123.3499984741211,89.86949920654297,,121.54000091552734,87.86074829101562,,122.5999984741211,88.75,,79184500,32004000,
2020-12-15,125.50056457519531,88.38849639892578,,127.87999725341797,88.38849639892578,,127.9000015258789,88.57099914550781,,124.12999725341797,87.49749755859375,,124.33999633789062,88.22100067138672,,157243700,29646000,
2020-12-16,125.43186950683594,88.1500015258789,,127.80999755859375,88.1500015258789,,128.3699951171875,88.6500015258789,,126.55999755859375,87.80400085449219,,127.41000366210938,88.64399719238281,,98208600,30270000,
2020-12-17,126.3052978515625,87.3949966430664,,128.6999969482422,87.3949966430664,,129.5800018310547,88.58920288085938,,128.0399932861328,86.93299865722656,,128.89999389648438,88.42549896240234,,94359800,32494000,
2020-12-18,124.30326843261719,86.55049896240234,,126.66000366210938,86.55049896240234,,129.10000610351562,87.75550079345703,,126.12000274658203,86.01100158691406,,128.9600067138672,87.70899963378906,,192541500,80328000,
2020-12-21,125.84405517578125,86.96849822998047,,128.22999572753906,86.96849822998047,,128.30999755859375,87.0425033569336,,123.44999694824219,84.94999694824219,,125.0199966430664,85.67549896240234,,121251600,36568000,
2020-12-22,129.42613220214844,86.17500305175781,,131.8800048828125,86.17500305175781,,134.41000366210938,86.87024688720703,,129.64999389648438,85.62875366210938,,131.61000061035156,86.72149658203125,,168904800,18734000,
2020-12-23,128.52328491210938,86.61900329589844,,130.9600067138672,86.61900329589844,,132.42999267578125,87.39949798583984,,130.77999877929688,86.25199890136719,,132.16000366210938,86.40550231933594,,88223700,20676000,
2020-12-24,129.5144805908203,86.94249725341797,,131.97000122070312,86.94249725341797,,133.4600067138672,87.30000305175781,,131.10000610351562,86.45549774169922,,131.32000732421875,86.75,,54930100,6936000,
2020-12-28,134.14663696289062,88.80449676513672,,136.69000244140625,88.80449676513672,,137.33999633789062,89.5363998413086,,133.50999450683594,87.3167495727539,,133.99000549316406,87.58174896240234,,124486200,27860000,
2020-12-29,132.36050415039062,87.93599700927734,,134.8699951171875,87.93599700927734,,138.7899932861328,89.62200164794922,,134.33999633789062,87.80449676513672,,138.0500030517578,89.3895034790039,,121047300,25988000,
2020-12-30,131.2318878173828,86.97599792480469,,133.72000122070312,86.97599792480469,,135.99000549316406,88.25475311279297,,133.39999389648438,86.27999877929688,,135.5800018310547,88.10050201416016,,96452100,26122000,
2020-12-31,130.22109985351562,87.59400177001953,,132.69000244140625,87.59400177001953,,134.74000549316406,87.94650268554688,,131.72000122070312,86.77100372314453,,134.0800018310547,86.77100372314453,,99116600,20238000,
